{
	"author" : "Cycling '74",
	"description" : "Lightweight reference implementation of a package built using the Min-API.",
	"homepatcher" : "C++ Object Development Kit.maxpat",
	"max_version_min" : "8.0", "max_version_max" : "none",
	"name" : "roots",
	"os" : {
		"macintosh" : {
			"platform" : [ "x64", "aarch64" ],
			"min_version" : "none"
		},
		"windows" : {
			"platform" : [ "x64" ],
			"min_version" : "none"
		}
	},
	"package_extra" : {
		"reverse_domain" : "com.cycling74",
		"copyright" : "Copyright (c) 2018 Cycling '74"
	},
	"tags" : [ ],
	"version" : "0.0.1",
	"website" : "http://www.github.com/Cycling74/min-devkit"
}
